{
    "MODEL_TYPE": "EMB_RES_BACILLUS_03",
    "acc": {
        "0": 0.9565217391304348,
        "1": 0.9565217391304348,
        "2": 0.9130434782608695,
        "3": 0.8695652173913043,
        "4": 0.9130434782608695,
        "mean": 0.9217391304347826,
        "std": 0.03253615118933865
    },
    "cv": 5,
    "f1": {
        "0": 0.918918918918919,
        "1": 0.9166666666666667,
        "2": 0.8333333333333334,
        "3": 0.7999999999999999,
        "4": 0.8536585365853658,
        "mean": 0.864515491100857,
        "std": 0.04675880042863789
    },
    "fn": {
        "0": 3.0,
        "1": 4.0,
        "2": 7.0,
        "3": 1.0,
        "4": 2.0,
        "mean": 3.4,
        "std": 2.0591260281974
    },
    "fp": {
        "0": 3.0,
        "1": 2.0,
        "2": 5.0,
        "3": 17.0,
        "4": 10.0,
        "mean": 7.4,
        "std": 5.535341001239218
    },
    "mcc": {
        "0": 0.8892159486218892,
        "1": 0.8879125143098573,
        "2": 0.7751184729093415,
        "3": 0.7328658441928919,
        "4": 0.800321408297636,
        "mean": 0.8170868376663233,
        "std": 0.06221653176318665
    },
    "prec": {
        "0": 0.918918918918919,
        "1": 0.9428571428571428,
        "2": 0.8571428571428571,
        "3": 0.6792452830188679,
        "4": 0.7777777777777778,
        "mean": 0.8351883959431129,
        "std": 0.09664325269054248
    },
    "sn": {
        "0": 0.918918918918919,
        "1": 0.8918918918918919,
        "2": 0.8108108108108109,
        "3": 0.972972972972973,
        "4": 0.9459459459459459,
        "mean": 0.908108108108108,
        "std": 0.05565205481614595
    },
    "sp": {
        "0": 0.9702970297029703,
        "1": 0.9801980198019802,
        "2": 0.9504950495049505,
        "3": 0.8316831683168316,
        "4": 0.900990099009901,
        "mean": 0.9267326732673267,
        "std": 0.05480535644791306
    },
    "timestamp": "2019_12_04=22_42_50",
    "tn": {
        "0": 98.0,
        "1": 99.0,
        "2": 96.0,
        "3": 84.0,
        "4": 91.0,
        "mean": 93.6,
        "std": 5.535341001239218
    },
    "tp": {
        "0": 34.0,
        "1": 33.0,
        "2": 30.0,
        "3": 36.0,
        "4": 35.0,
        "mean": 33.6,
        "std": 2.0591260281974
    }
}