{
    "MODEL_TYPE": "EMB_RES_BACILLUS_02",
    "acc": {
        "0": 0.9637681159420289,
        "1": 0.9637681159420289,
        "2": 0.9420289855072463,
        "3": 0.8985507246376812,
        "4": 0.9347826086956522,
        "mean": 0.9405797101449276,
        "std": 0.023989775880067878
    },
    "cv": 5,
    "f1": {
        "0": 0.927536231884058,
        "1": 0.935064935064935,
        "2": 0.8974358974358975,
        "3": 0.8055555555555555,
        "4": 0.8860759493670887,
        "mean": 0.8903337138615068,
        "std": 0.04613201750049849
    },
    "fn": {
        "0": 5.0,
        "1": 1.0,
        "2": 2.0,
        "3": 8.0,
        "4": 2.0,
        "mean": 3.6,
        "std": 2.5768197453450252
    },
    "fp": {
        "0": 0.0,
        "1": 4.0,
        "2": 6.0,
        "3": 6.0,
        "4": 7.0,
        "mean": 4.6,
        "std": 2.4979991993593593
    },
    "mcc": {
        "0": 0.9077826570117096,
        "1": 0.9113220823186039,
        "2": 0.8593737651482001,
        "3": 0.7375204591091696,
        "4": 0.843960425549067,
        "mean": 0.85199187782735,
        "std": 0.06301648418698239
    },
    "prec": {
        "0": 1.0,
        "1": 0.9,
        "2": 0.8536585365853658,
        "3": 0.8285714285714286,
        "4": 0.8333333333333334,
        "mean": 0.8831126596980254,
        "std": 0.06366805349593686
    },
    "sn": {
        "0": 0.8648648648648649,
        "1": 0.972972972972973,
        "2": 0.9459459459459459,
        "3": 0.7837837837837838,
        "4": 0.9459459459459459,
        "mean": 0.9027027027027026,
        "std": 0.06964377690121691
    },
    "sp": {
        "0": 1.0,
        "1": 0.9603960396039604,
        "2": 0.9405940594059405,
        "3": 0.9405940594059405,
        "4": 0.9306930693069307,
        "mean": 0.9544554455445544,
        "std": 0.024732665340191678
    },
    "timestamp": "2019_12_04=21_22_19",
    "tn": {
        "0": 101.0,
        "1": 97.0,
        "2": 95.0,
        "3": 95.0,
        "4": 94.0,
        "mean": 96.4,
        "std": 2.4979991993593593
    },
    "tp": {
        "0": 32.0,
        "1": 36.0,
        "2": 35.0,
        "3": 29.0,
        "4": 35.0,
        "mean": 33.4,
        "std": 2.5768197453450252
    }
}