{
    "MODEL_TYPE": "EMB_RES_BACILLUS_03",
    "acc": {
        "0": 0.9492753623188406,
        "1": 0.9565217391304348,
        "2": 0.927536231884058,
        "3": 0.9057971014492754,
        "4": 0.927536231884058,
        "mean": 0.9333333333333333,
        "std": 0.017985034269551965
    },
    "cv": 5,
    "f1": {
        "0": 0.9041095890410958,
        "1": 0.9210526315789475,
        "2": 0.868421052631579,
        "3": 0.8433734939759038,
        "4": 0.8717948717948718,
        "mean": 0.8817503278044796,
        "std": 0.027546940667624285
    },
    "fn": {
        "0": 4.0,
        "1": 2.0,
        "2": 4.0,
        "3": 2.0,
        "4": 3.0,
        "mean": 3.0,
        "std": 0.8944271909999159
    },
    "fp": {
        "0": 3.0,
        "1": 4.0,
        "2": 6.0,
        "3": 11.0,
        "4": 7.0,
        "mean": 6.2,
        "std": 2.785677655436824
    },
    "mcc": {
        "0": 0.8697864764047947,
        "1": 0.8916691617880451,
        "2": 0.8190087872225003,
        "3": 0.7865609220045315,
        "4": 0.8235773330351751,
        "mean": 0.8381205360910092,
        "std": 0.03769706777636733
    },
    "prec": {
        "0": 0.9166666666666666,
        "1": 0.8974358974358975,
        "2": 0.8461538461538461,
        "3": 0.7608695652173914,
        "4": 0.8292682926829268,
        "mean": 0.8500788536313456,
        "std": 0.05492432742008493
    },
    "sn": {
        "0": 0.8918918918918919,
        "1": 0.9459459459459459,
        "2": 0.8918918918918919,
        "3": 0.9459459459459459,
        "4": 0.918918918918919,
        "mean": 0.918918918918919,
        "std": 0.024173707864862594
    },
    "sp": {
        "0": 0.9702970297029703,
        "1": 0.9603960396039604,
        "2": 0.9405940594059405,
        "3": 0.8910891089108911,
        "4": 0.9306930693069307,
        "mean": 0.9386138613861386,
        "std": 0.027580966885513085
    },
    "timestamp": "2019_12_05=14_30_27",
    "tn": {
        "0": 98.0,
        "1": 97.0,
        "2": 95.0,
        "3": 90.0,
        "4": 94.0,
        "mean": 94.8,
        "std": 2.7856776554368237
    },
    "tp": {
        "0": 33.0,
        "1": 35.0,
        "2": 33.0,
        "3": 35.0,
        "4": 34.0,
        "mean": 34.0,
        "std": 0.8944271909999159
    }
}