{
    "MODEL_TYPE": "HOT_RES_BACILLUS_01", 
    "acc": {
        "0": 0.9347826086956522, 
        "1": 0.9492753623188406, 
        "2": 0.8985507246376812, 
        "3": 0.8985507246376812, 
        "4": 0.8695652173913043, 
        "5": 0.927536231884058, 
        "6": 0.9347826086956522, 
        "7": 0.9492753623188406, 
        "8": 0.9347826086956522, 
        "9": 0.9202898550724637, 
        "mean": 0.9217391304347824, 
        "std": 0.02420767114273924
    }, 
    "cv": 10, 
    "f1": {
        "0": 0.8732394366197184, 
        "1": 0.9066666666666667, 
        "2": 0.8055555555555555, 
        "3": 0.8157894736842105, 
        "4": 0.7096774193548386, 
        "5": 0.8611111111111112, 
        "6": 0.8695652173913043, 
        "7": 0.9090909090909091, 
        "8": 0.8732394366197184, 
        "9": 0.8571428571428571, 
        "mean": 0.8481078083236889, 
        "std": 0.055803723805189005
    }, 
    "fn": {
        "0": 6.0, 
        "1": 3.0, 
        "2": 8.0, 
        "3": 6.0, 
        "4": 15.0, 
        "5": 6.0, 
        "6": 7.0, 
        "7": 2.0, 
        "8": 6.0, 
        "9": 4.0, 
        "mean": 6.3, 
        "std": 3.3778691508109073
    }, 
    "fp": {
        "0": 3.0, 
        "1": 4.0, 
        "2": 6.0, 
        "3": 8.0, 
        "4": 3.0, 
        "5": 4.0, 
        "6": 2.0, 
        "7": 5.0, 
        "8": 3.0, 
        "9": 7.0, 
        "mean": 4.5, 
        "std": 1.857417562100671
    }, 
    "mcc": {
        "0": 0.8307861845153497, 
        "1": 0.8719954360253241, 
        "2": 0.7375204591091696, 
        "3": 0.7463484126569554, 
        "4": 0.6497068689317111, 
        "5": 0.8127164867095135, 
        "6": 0.8302616132817493, 
        "7": 0.8752663347956775, 
        "8": 0.8307861845153497, 
        "9": 0.8031548397498246, 
        "mean": 0.7988542820290625, 
        "std": 0.06571792294842418
    }, 
    "prec": {
        "0": 0.9117647058823529, 
        "1": 0.8947368421052632, 
        "2": 0.8285714285714286, 
        "3": 0.7948717948717948, 
        "4": 0.88, 
        "5": 0.8857142857142857, 
        "6": 0.9375, 
        "7": 0.875, 
        "8": 0.9117647058823529, 
        "9": 0.825, 
        "mean": 0.8744923763027478, 
        "std": 0.04267603629166236
    }, 
    "sn": {
        "0": 0.8378378378378378, 
        "1": 0.918918918918919, 
        "2": 0.7837837837837838, 
        "3": 0.8378378378378378, 
        "4": 0.5945945945945946, 
        "5": 0.8378378378378378, 
        "6": 0.8108108108108109, 
        "7": 0.9459459459459459, 
        "8": 0.8378378378378378, 
        "9": 0.8918918918918919, 
        "mean": 0.8297297297297297, 
        "std": 0.09129376083272722
    }, 
    "sp": {
        "0": 0.9702970297029703, 
        "1": 0.9603960396039604, 
        "2": 0.9405940594059405, 
        "3": 0.9207920792079208, 
        "4": 0.9702970297029703, 
        "5": 0.9603960396039604, 
        "6": 0.9801980198019802, 
        "7": 0.9504950495049505, 
        "8": 0.9702970297029703, 
        "9": 0.9306930693069307, 
        "mean": 0.9554455445544555, 
        "std": 0.01839027289208583
    }, 
    "timestamp": "2020_01_06=18_22_38", 
    "tn": {
        "0": 98.0, 
        "1": 97.0, 
        "2": 95.0, 
        "3": 93.0, 
        "4": 98.0, 
        "5": 97.0, 
        "6": 99.0, 
        "7": 96.0, 
        "8": 98.0, 
        "9": 94.0, 
        "mean": 96.5, 
        "std": 1.857417562100671
    }, 
    "tp": {
        "0": 31.0, 
        "1": 34.0, 
        "2": 29.0, 
        "3": 31.0, 
        "4": 22.0, 
        "5": 31.0, 
        "6": 30.0, 
        "7": 35.0, 
        "8": 31.0, 
        "9": 33.0, 
        "mean": 30.7, 
        "std": 3.3778691508109073
    }
}