{
    "MODEL_TYPE": "HOT_CNN_BACILLUS_01",
    "acc": {
        "0": 0.9130434782608695,
        "1": 0.9565217391304348,
        "2": 0.9420289855072463,
        "3": 0.9202898550724637,
        "4": 0.9057971014492754,
        "mean": 0.927536231884058,
        "std": 0.018896238855659858
    },
    "cv": 5,
    "f1": {
        "0": 0.8536585365853658,
        "1": 0.9166666666666667,
        "2": 0.8857142857142858,
        "3": 0.860759493670886,
        "4": 0.8354430379746834,
        "mean": 0.8704484041223776,
        "std": 0.028179159782266604
    },
    "fn": {
        "0": 2.0,
        "1": 4.0,
        "2": 6.0,
        "3": 3.0,
        "4": 4.0,
        "mean": 3.8,
        "std": 1.32664991614216
    },
    "fp": {
        "0": 10.0,
        "1": 2.0,
        "2": 2.0,
        "3": 8.0,
        "4": 9.0,
        "mean": 6.2,
        "std": 3.4871191548325386
    },
    "mcc": {
        "0": 0.800321408297636,
        "1": 0.8879125143098573,
        "2": 0.8495369448840479,
        "3": 0.8084089790515788,
        "4": 0.7728575325540907,
        "mean": 0.8238074758194422,
        "std": 0.04038828376471417
    },
    "prec": {
        "0": 0.7777777777777778,
        "1": 0.9428571428571428,
        "2": 0.9393939393939394,
        "3": 0.8095238095238095,
        "4": 0.7857142857142857,
        "mean": 0.8510533910533911,
        "std": 0.07429024384911886
    },
    "sn": {
        "0": 0.9459459459459459,
        "1": 0.8918918918918919,
        "2": 0.8378378378378378,
        "3": 0.918918918918919,
        "4": 0.8918918918918919,
        "mean": 0.8972972972972972,
        "std": 0.0358554031389773
    },
    "sp": {
        "0": 0.900990099009901,
        "1": 0.9801980198019802,
        "2": 0.9801980198019802,
        "3": 0.9207920792079208,
        "4": 0.9108910891089109,
        "mean": 0.9386138613861386,
        "std": 0.03452593222606472
    },
    "timestamp": "2019_12_16=10_41_37",
    "tn": {
        "0": 91.0,
        "1": 99.0,
        "2": 99.0,
        "3": 93.0,
        "4": 92.0,
        "mean": 94.8,
        "std": 3.4871191548325386
    },
    "tp": {
        "0": 35.0,
        "1": 33.0,
        "2": 31.0,
        "3": 34.0,
        "4": 33.0,
        "mean": 33.2,
        "std": 1.3266499161421599
    }
}