{
    "MODEL_TYPE": "EMB_RES_BACILLUS_01", 
    "acc": {
        "0": 0.9782608695652174, 
        "1": 0.9565217391304348, 
        "2": 0.9347826086956522, 
        "3": 0.9420289855072463, 
        "4": 0.9347826086956522, 
        "5": 0.9782608695652174, 
        "6": 0.9492753623188406, 
        "7": 0.9565217391304348, 
        "8": 0.9637681159420289, 
        "9": 0.9565217391304348, 
        "mean": 0.955072463768116, 
        "std": 0.014779766706066037
    }, 
    "cv": 10, 
    "f1": {
        "0": 0.961038961038961, 
        "1": 0.9210526315789475, 
        "2": 0.8831168831168831, 
        "3": 0.888888888888889, 
        "4": 0.8831168831168831, 
        "5": 0.9599999999999999, 
        "6": 0.9041095890410958, 
        "7": 0.911764705882353, 
        "8": 0.9315068493150684, 
        "9": 0.9166666666666667, 
        "mean": 0.9161262058645747, 
        "std": 0.026995768788598773
    }, 
    "fn": {
        "0": 0.0, 
        "1": 2.0, 
        "2": 3.0, 
        "3": 5.0, 
        "4": 3.0, 
        "5": 1.0, 
        "6": 4.0, 
        "7": 6.0, 
        "8": 3.0, 
        "9": 4.0, 
        "mean": 3.1, 
        "std": 1.7
    }, 
    "fp": {
        "0": 3.0, 
        "1": 4.0, 
        "2": 6.0, 
        "3": 3.0, 
        "4": 6.0, 
        "5": 2.0, 
        "6": 3.0, 
        "7": 0.0, 
        "8": 2.0, 
        "9": 2.0, 
        "mean": 3.1, 
        "std": 1.7578395831246947
    }, 
    "mcc": {
        "0": 0.9473778298415303, 
        "1": 0.8916691617880451, 
        "2": 0.839210587272751, 
        "3": 0.8503145005096854, 
        "4": 0.839210587272751, 
        "5": 0.9452366838472929, 
        "6": 0.8697864764047947, 
        "7": 0.8893010046309321, 
        "8": 0.9070399009063035, 
        "9": 0.8879125143098573, 
        "mean": 0.8867059246783944, 
        "std": 0.03698032191425121
    }, 
    "prec": {
        "0": 0.925, 
        "1": 0.8974358974358975, 
        "2": 0.85, 
        "3": 0.9142857142857143, 
        "4": 0.85, 
        "5": 0.9473684210526315, 
        "6": 0.9166666666666666, 
        "7": 1.0, 
        "8": 0.9444444444444444, 
        "9": 0.9428571428571428, 
        "mean": 0.9188058286742498, 
        "std": 0.04316555659320286
    }, 
    "sn": {
        "0": 1.0, 
        "1": 0.9459459459459459, 
        "2": 0.918918918918919, 
        "3": 0.8648648648648649, 
        "4": 0.918918918918919, 
        "5": 0.972972972972973, 
        "6": 0.8918918918918919, 
        "7": 0.8378378378378378, 
        "8": 0.918918918918919, 
        "9": 0.8918918918918919, 
        "mean": 0.9162162162162162, 
        "std": 0.04594594594594595
    }, 
    "sp": {
        "0": 0.9702970297029703, 
        "1": 0.9603960396039604, 
        "2": 0.9405940594059405, 
        "3": 0.9702970297029703, 
        "4": 0.9405940594059405, 
        "5": 0.9801980198019802, 
        "6": 0.9702970297029703, 
        "7": 1.0, 
        "8": 0.9801980198019802, 
        "9": 0.9801980198019802, 
        "mean": 0.9693069306930694, 
        "std": 0.01740435230816531
    }, 
    "timestamp": "2020_01_06=19_22_59", 
    "tn": {
        "0": 98.0, 
        "1": 97.0, 
        "2": 95.0, 
        "3": 98.0, 
        "4": 95.0, 
        "5": 99.0, 
        "6": 98.0, 
        "7": 101.0, 
        "8": 99.0, 
        "9": 99.0, 
        "mean": 97.9, 
        "std": 1.7578395831246942
    }, 
    "tp": {
        "0": 37.0, 
        "1": 35.0, 
        "2": 34.0, 
        "3": 32.0, 
        "4": 34.0, 
        "5": 36.0, 
        "6": 33.0, 
        "7": 31.0, 
        "8": 34.0, 
        "9": 33.0, 
        "mean": 33.9, 
        "std": 1.7
    }
}