{
    "MODEL_TYPE": "EMB_RES_BACILLUS_03",
    "acc": {
        "0": 0.9492753623188406,
        "1": 0.9492753623188406,
        "2": 0.9420289855072463,
        "3": 0.8985507246376812,
        "4": 0.9347826086956522,
        "mean": 0.9347826086956521,
        "std": 0.018896238855659848
    },
    "cv": 5,
    "f1": {
        "0": 0.9066666666666667,
        "1": 0.9066666666666667,
        "2": 0.8947368421052632,
        "3": 0.8205128205128206,
        "4": 0.88,
        "mean": 0.8817165991902834,
        "std": 0.03213530051795743
    },
    "fn": {
        "0": 3.0,
        "1": 3.0,
        "2": 3.0,
        "3": 5.0,
        "4": 4.0,
        "mean": 3.6,
        "std": 0.8
    },
    "fp": {
        "0": 4.0,
        "1": 4.0,
        "2": 5.0,
        "3": 9.0,
        "4": 5.0,
        "mean": 5.4,
        "std": 1.8547236990991407
    },
    "mcc": {
        "0": 0.8719954360253241,
        "1": 0.8719954360253241,
        "2": 0.8553389745052727,
        "3": 0.7519844688091253,
        "4": 0.8353748121143397,
        "mean": 0.8373378254958773,
        "std": 0.044755759897720696
    },
    "prec": {
        "0": 0.8947368421052632,
        "1": 0.8947368421052632,
        "2": 0.8717948717948718,
        "3": 0.7804878048780488,
        "4": 0.868421052631579,
        "mean": 0.862035482703005,
        "std": 0.04224879347605876
    },
    "sn": {
        "0": 0.918918918918919,
        "1": 0.918918918918919,
        "2": 0.918918918918919,
        "3": 0.8648648648648649,
        "4": 0.8918918918918919,
        "mean": 0.9027027027027028,
        "std": 0.02162162162162163
    },
    "sp": {
        "0": 0.9603960396039604,
        "1": 0.9603960396039604,
        "2": 0.9504950495049505,
        "3": 0.9108910891089109,
        "4": 0.9504950495049505,
        "mean": 0.9465346534653465,
        "std": 0.018363600981179583
    },
    "timestamp": "2019_12_05=15_20_15",
    "tn": {
        "0": 97.0,
        "1": 97.0,
        "2": 96.0,
        "3": 92.0,
        "4": 96.0,
        "mean": 95.6,
        "std": 1.8547236990991407
    },
    "tp": {
        "0": 34.0,
        "1": 34.0,
        "2": 34.0,
        "3": 32.0,
        "4": 33.0,
        "mean": 33.4,
        "std": 0.7999999999999999
    }
}