{
    "acc": {
        "0": 0.9492753623188406,
        "1": 0.9492753623188406,
        "2": 0.9130434782608695,
        "3": 0.9565217391304348,
        "4": 0.9202898550724637,
        "mean": 0.9376811594202898,
        "std": 0.017511660831296506
    },
    "classifier": "HOTCNN_BACILLUS_01",
    "cv": 5,
    "f1": {
        "0": 0.9090909090909091,
        "1": 0.9041095890410958,
        "2": 0.8285714285714285,
        "3": 0.9166666666666667,
        "4": 0.8571428571428571,
        "mean": 0.8831162901025914,
        "std": 0.03432430141654302
    },
    "fn": {
        "0": 2.0,
        "1": 4.0,
        "2": 8.0,
        "3": 4.0,
        "4": 4.0,
        "mean": 4.4,
        "std": 1.9595917942265424
    },
    "fp": {
        "0": 5.0,
        "1": 3.0,
        "2": 4.0,
        "3": 2.0,
        "4": 7.0,
        "mean": 4.2,
        "std": 1.7204650534085253
    },
    "mcc": {
        "0": 0.8752663347956775,
        "1": 0.8697864764047947,
        "2": 0.7728368477993252,
        "3": 0.8879125143098573,
        "4": 0.8031548397498246,
        "mean": 0.8417914026118959,
        "std": 0.04534085752349434
    },
    "prec": {
        "0": 0.875,
        "1": 0.9166666666666666,
        "2": 0.8787878787878788,
        "3": 0.9428571428571428,
        "4": 0.825,
        "mean": 0.8876623376623376,
        "std": 0.040133220648690016
    },
    "sn": {
        "0": 0.9459459459459459,
        "1": 0.8918918918918919,
        "2": 0.7837837837837838,
        "3": 0.8918918918918919,
        "4": 0.8918918918918919,
        "mean": 0.8810810810810811,
        "std": 0.052961940384501145
    },
    "sp": {
        "0": 0.9504950495049505,
        "1": 0.9702970297029703,
        "2": 0.9603960396039604,
        "3": 0.9801980198019802,
        "4": 0.9306930693069307,
        "mean": 0.9584158415841584,
        "std": 0.017034307459490326
    },
    "timestamp": "2019-11-28-12-18-52",
    "tn": {
        "0": 96.0,
        "1": 98.0,
        "2": 97.0,
        "3": 99.0,
        "4": 94.0,
        "mean": 96.8,
        "std": 1.7204650534085253
    },
    "tp": {
        "0": 35.0,
        "1": 33.0,
        "2": 29.0,
        "3": 33.0,
        "4": 33.0,
        "mean": 32.6,
        "std": 1.9595917942265426
    }
}