{
    "MODEL_TYPE": "EMB_ECODER_BACILLUS_01",
    "acc": {
        "0": 0.9565217391304348,
        "1": 0.9420289855072463,
        "2": 0.927536231884058,
        "3": 0.9710144927536232,
        "4": 0.8913043478260869,
        "mean": 0.9376811594202898,
        "std": 0.027344872846540892
    },
    "cv": 5,
    "f1": {
        "0": 0.9166666666666667,
        "1": 0.8918918918918919,
        "2": 0.8648648648648649,
        "3": 0.9459459459459459,
        "4": 0.7887323943661971,
        "mean": 0.8816203527471134,
        "std": 0.053629189370116896
    },
    "fn": {
        "0": 4.0,
        "1": 4.0,
        "2": 5.0,
        "3": 2.0,
        "4": 9.0,
        "mean": 4.8,
        "std": 2.315167380558045
    },
    "fp": {
        "0": 2.0,
        "1": 4.0,
        "2": 5.0,
        "3": 2.0,
        "4": 6.0,
        "mean": 3.8,
        "std": 1.6
    },
    "mcc": {
        "0": 0.8879125143098573,
        "1": 0.8522879314958522,
        "2": 0.8153599143698154,
        "3": 0.9261439657479261,
        "4": 0.7168969525983447,
        "mean": 0.8397202557043592,
        "std": 0.07159397731346011
    },
    "prec": {
        "0": 0.9428571428571428,
        "1": 0.8918918918918919,
        "2": 0.8648648648648649,
        "3": 0.9459459459459459,
        "4": 0.8235294117647058,
        "mean": 0.8938178514649102,
        "std": 0.04670040651494301
    },
    "sn": {
        "0": 0.8918918918918919,
        "1": 0.8918918918918919,
        "2": 0.8648648648648649,
        "3": 0.9459459459459459,
        "4": 0.7567567567567568,
        "mean": 0.8702702702702704,
        "std": 0.06257209136643363
    },
    "sp": {
        "0": 0.9801980198019802,
        "1": 0.9603960396039604,
        "2": 0.9504950495049505,
        "3": 0.9801980198019802,
        "4": 0.9405940594059405,
        "mean": 0.9623762376237623,
        "std": 0.015841584158415856
    },
    "timestamp": "2020_01_14=15_38_07",
    "tn": {
        "0": 99.0,
        "1": 97.0,
        "2": 96.0,
        "3": 99.0,
        "4": 95.0,
        "mean": 97.2,
        "std": 1.5999999999999999
    },
    "tp": {
        "0": 33.0,
        "1": 33.0,
        "2": 32.0,
        "3": 35.0,
        "4": 28.0,
        "mean": 32.2,
        "std": 2.3151673805580453
    }
}