{
    "MODEL_TYPE": "EMB_RES_BACILLUS_01", 
    "acc": {
        "0": 0.9637681159420289, 
        "1": 0.9565217391304348, 
        "2": 0.9492753623188406, 
        "3": 0.9202898550724637, 
        "4": 0.9565217391304348, 
        "5": 0.9855072463768116, 
        "6": 0.9420289855072463, 
        "7": 0.9637681159420289, 
        "8": 0.9492753623188406, 
        "9": 0.9492753623188406, 
        "mean": 0.9536231884057971, 
        "std": 0.015942028985507256
    }, 
    "cv": 10, 
    "f1": {
        "0": 0.9295774647887325, 
        "1": 0.918918918918919, 
        "2": 0.9041095890410958, 
        "3": 0.8533333333333334, 
        "4": 0.9210526315789475, 
        "5": 0.972972972972973, 
        "6": 0.8918918918918919, 
        "7": 0.927536231884058, 
        "8": 0.9066666666666667, 
        "9": 0.8985507246376812, 
        "mean": 0.91246104257143, 
        "std": 0.029177801501283
    }, 
    "fn": {
        "0": 4.0, 
        "1": 3.0, 
        "2": 4.0, 
        "3": 5.0, 
        "4": 2.0, 
        "5": 1.0, 
        "6": 4.0, 
        "7": 5.0, 
        "8": 3.0, 
        "9": 6.0, 
        "mean": 3.7, 
        "std": 1.4177446878757827
    }, 
    "fp": {
        "0": 1.0, 
        "1": 3.0, 
        "2": 3.0, 
        "3": 6.0, 
        "4": 4.0, 
        "5": 1.0, 
        "6": 4.0, 
        "7": 0.0, 
        "8": 4.0, 
        "9": 1.0, 
        "mean": 2.7, 
        "std": 1.7916472867168918
    }, 
    "mcc": {
        "0": 0.9067123391266863, 
        "1": 0.8892159486218892, 
        "2": 0.8697864764047947, 
        "3": 0.7987541882033553, 
        "4": 0.8916691617880451, 
        "5": 0.9630719828739631, 
        "6": 0.8522879314958522, 
        "7": 0.9077826570117096, 
        "8": 0.8719954360253241, 
        "9": 0.8690221351467294, 
        "mean": 0.8820298256698349, 
        "std": 0.04027905641256337
    }, 
    "prec": {
        "0": 0.9705882352941176, 
        "1": 0.918918918918919, 
        "2": 0.9166666666666666, 
        "3": 0.8421052631578947, 
        "4": 0.8974358974358975, 
        "5": 0.972972972972973, 
        "6": 0.8918918918918919, 
        "7": 1.0, 
        "8": 0.8947368421052632, 
        "9": 0.96875, 
        "mean": 0.9274066688443623, 
        "std": 0.046487183147549946
    }, 
    "sn": {
        "0": 0.8918918918918919, 
        "1": 0.918918918918919, 
        "2": 0.8918918918918919, 
        "3": 0.8648648648648649, 
        "4": 0.9459459459459459, 
        "5": 0.972972972972973, 
        "6": 0.8918918918918919, 
        "7": 0.8648648648648649, 
        "8": 0.918918918918919, 
        "9": 0.8378378378378378, 
        "mean": 0.9, 
        "std": 0.03831742399664278
    }, 
    "sp": {
        "0": 0.9900990099009901, 
        "1": 0.9702970297029703, 
        "2": 0.9702970297029703, 
        "3": 0.9405940594059405, 
        "4": 0.9603960396039604, 
        "5": 0.9900990099009901, 
        "6": 0.9603960396039604, 
        "7": 1.0, 
        "8": 0.9603960396039604, 
        "9": 0.9900990099009901, 
        "mean": 0.9732673267326731, 
        "std": 0.017739082046701916
    }, 
    "timestamp": "2020_01_06=18_45_23", 
    "tn": {
        "0": 100.0, 
        "1": 98.0, 
        "2": 98.0, 
        "3": 95.0, 
        "4": 97.0, 
        "5": 100.0, 
        "6": 97.0, 
        "7": 101.0, 
        "8": 97.0, 
        "9": 100.0, 
        "mean": 98.3, 
        "std": 1.7916472867168918
    }, 
    "tp": {
        "0": 33.0, 
        "1": 34.0, 
        "2": 33.0, 
        "3": 32.0, 
        "4": 35.0, 
        "5": 36.0, 
        "6": 33.0, 
        "7": 32.0, 
        "8": 34.0, 
        "9": 31.0, 
        "mean": 33.3, 
        "std": 1.4177446878757824
    }
}