{
    "MODEL_TYPE": "HOTCNN_BACILLUS_01",
    "acc": {
        "0": 0.927536231884058,
        "1": 0.9637681159420289,
        "2": 0.9202898550724637,
        "3": 0.9420289855072463,
        "4": 0.8913043478260869,
        "mean": 0.9289855072463767,
        "std": 0.023989775880067888
    },
    "cv": 5,
    "f1": {
        "0": 0.875,
        "1": 0.9315068493150684,
        "2": 0.8493150684931507,
        "3": 0.8918918918918919,
        "4": 0.8051948051948051,
        "mean": 0.8705817229789833,
        "std": 0.04222140476188288
    },
    "fn": {
        "0": 2.0,
        "1": 3.0,
        "2": 6.0,
        "3": 4.0,
        "4": 6.0,
        "mean": 4.2,
        "std": 1.6
    },
    "fp": {
        "0": 8.0,
        "1": 2.0,
        "2": 5.0,
        "3": 4.0,
        "4": 9.0,
        "mean": 5.6,
        "std": 2.5768197453450252
    },
    "mcc": {
        "0": 0.8289977821198921,
        "1": 0.9070399009063035,
        "2": 0.7952796274017768,
        "3": 0.8522879314958522,
        "4": 0.7310433447039718,
        "mean": 0.8229297173255594,
        "std": 0.058618908345260026
    },
    "prec": {
        "0": 0.813953488372093,
        "1": 0.9444444444444444,
        "2": 0.8611111111111112,
        "3": 0.8918918918918919,
        "4": 0.775,
        "mean": 0.8572801871639081,
        "std": 0.05908889211629937
    },
    "sn": {
        "0": 0.9459459459459459,
        "1": 0.918918918918919,
        "2": 0.8378378378378378,
        "3": 0.8918918918918919,
        "4": 0.8378378378378378,
        "mean": 0.8864864864864865,
        "std": 0.04324324324324325
    },
    "sp": {
        "0": 0.9207920792079208,
        "1": 0.9801980198019802,
        "2": 0.9504950495049505,
        "3": 0.9603960396039604,
        "4": 0.9108910891089109,
        "mean": 0.9445544554455445,
        "std": 0.02551306678559428
    },
    "timestamp": "2019_12_03=17_01_05",
    "tn": {
        "0": 93.0,
        "1": 99.0,
        "2": 96.0,
        "3": 97.0,
        "4": 92.0,
        "mean": 95.4,
        "std": 2.576819745345025
    },
    "tp": {
        "0": 35.0,
        "1": 34.0,
        "2": 31.0,
        "3": 33.0,
        "4": 31.0,
        "mean": 32.8,
        "std": 1.5999999999999999
    }
}