{
    "MODEL_TYPE": "HOT_RES_BACILLUS_01",
    "acc": {
        "0": 0.8478260869565217,
        "1": 0.8768115942028986,
        "2": 0.8115942028985508,
        "3": 0.717391304347826,
        "4": 0.8260869565217391,
        "mean": 0.8159420289855073,
        "std": 0.05395510280865591
    },
    "cv": 5,
    "f1": {
        "0": 0.6865671641791045,
        "1": 0.7733333333333334,
        "2": 0.6666666666666667,
        "3": 0.606060606060606,
        "4": 0.7073170731707318,
        "mean": 0.6879889686820885,
        "std": 0.054453934465688116
    },
    "fn": {
        "0": 14.0,
        "1": 8.0,
        "2": 11.0,
        "3": 7.0,
        "4": 8.0,
        "mean": 9.6,
        "std": 2.5768197453450252
    },
    "fp": {
        "0": 7.0,
        "1": 9.0,
        "2": 15.0,
        "3": 32.0,
        "4": 16.0,
        "mean": 15.8,
        "std": 8.795453370918409
    },
    "mcc": {
        "0": 0.5931651660550811,
        "1": 0.6888923164704022,
        "2": 0.5372058761309757,
        "3": 0.4399137199391165,
        "4": 0.5909482247050791,
        "mean": 0.5700250606601308,
        "std": 0.08137410845297702
    },
    "prec": {
        "0": 0.7666666666666667,
        "1": 0.7631578947368421,
        "2": 0.6341463414634146,
        "3": 0.4838709677419355,
        "4": 0.6444444444444445,
        "mean": 0.6584572630106607,
        "std": 0.10386457703158904
    },
    "sn": {
        "0": 0.6216216216216216,
        "1": 0.7837837837837838,
        "2": 0.7027027027027027,
        "3": 0.8108108108108109,
        "4": 0.7837837837837838,
        "mean": 0.7405405405405405,
        "std": 0.06964377690121691
    },
    "sp": {
        "0": 0.9306930693069307,
        "1": 0.9108910891089109,
        "2": 0.8514851485148515,
        "3": 0.6831683168316832,
        "4": 0.8415841584158416,
        "mean": 0.8435643564356436,
        "std": 0.08708369674176641
    },
    "timestamp": "2020_01_06=17_49_19",
    "tn": {
        "0": 94.0,
        "1": 92.0,
        "2": 86.0,
        "3": 69.0,
        "4": 85.0,
        "mean": 85.2,
        "std": 8.795453370918409
    },
    "tp": {
        "0": 23.0,
        "1": 29.0,
        "2": 26.0,
        "3": 30.0,
        "4": 29.0,
        "mean": 27.4,
        "std": 2.5768197453450252
    }
}