{
    "MODEL_TYPE": "EMB_RES_BACILLUS_02", 
    "acc": {
        "0": 0.9347826086956522, 
        "1": 0.9565217391304348, 
        "2": 0.9202898550724637, 
        "3": 0.8913043478260869, 
        "4": 0.9202898550724637, 
        "5": 0.9420289855072463, 
        "6": 0.9420289855072463, 
        "7": 0.9202898550724637, 
        "8": 0.9420289855072463, 
        "9": 0.9420289855072463, 
        "mean": 0.9311594202898551, 
        "std": 0.017526647278909898
    }, 
    "cv": 10, 
    "f1": {
        "0": 0.8860759493670887, 
        "1": 0.9166666666666667, 
        "2": 0.8533333333333334, 
        "3": 0.8051948051948051, 
        "4": 0.8571428571428571, 
        "5": 0.8974358974358975, 
        "6": 0.8918918918918919, 
        "7": 0.8571428571428571, 
        "8": 0.888888888888889, 
        "9": 0.8918918918918919, 
        "mean": 0.8745665038956177, 
        "std": 0.030172530713782512
    }, 
    "fn": {
        "0": 2.0, 
        "1": 4.0, 
        "2": 5.0, 
        "3": 6.0, 
        "4": 4.0, 
        "5": 2.0, 
        "6": 4.0, 
        "7": 4.0, 
        "8": 5.0, 
        "9": 4.0, 
        "mean": 4.0, 
        "std": 1.1832159566199232
    }, 
    "fp": {
        "0": 7.0, 
        "1": 2.0, 
        "2": 6.0, 
        "3": 9.0, 
        "4": 7.0, 
        "5": 6.0, 
        "6": 4.0, 
        "7": 7.0, 
        "8": 3.0, 
        "9": 4.0, 
        "mean": 5.5, 
        "std": 2.0615528128088303
    }, 
    "mcc": {
        "0": 0.843960425549067, 
        "1": 0.8879125143098573, 
        "2": 0.7987541882033553, 
        "3": 0.7310433447039718, 
        "4": 0.8031548397498246, 
        "5": 0.8593737651482001, 
        "6": 0.8522879314958522, 
        "7": 0.8031548397498246, 
        "8": 0.8503145005096854, 
        "9": 0.8522879314958522, 
        "mean": 0.8282244280915491, 
        "std": 0.04242201394296406
    }, 
    "prec": {
        "0": 0.8333333333333334, 
        "1": 0.9428571428571428, 
        "2": 0.8421052631578947, 
        "3": 0.775, 
        "4": 0.825, 
        "5": 0.8536585365853658, 
        "6": 0.8918918918918919, 
        "7": 0.825, 
        "8": 0.9142857142857143, 
        "9": 0.8918918918918919, 
        "mean": 0.8595023774003234, 
        "std": 0.04752946562747028
    }, 
    "sn": {
        "0": 0.9459459459459459, 
        "1": 0.8918918918918919, 
        "2": 0.8648648648648649, 
        "3": 0.8378378378378378, 
        "4": 0.8918918918918919, 
        "5": 0.9459459459459459, 
        "6": 0.8918918918918919, 
        "7": 0.8918918918918919, 
        "8": 0.8648648648648649, 
        "9": 0.8918918918918919, 
        "mean": 0.8918918918918918, 
        "std": 0.03197880963837629
    }, 
    "sp": {
        "0": 0.9306930693069307, 
        "1": 0.9801980198019802, 
        "2": 0.9405940594059405, 
        "3": 0.9108910891089109, 
        "4": 0.9306930693069307, 
        "5": 0.9405940594059405, 
        "6": 0.9603960396039604, 
        "7": 0.9306930693069307, 
        "8": 0.9702970297029703, 
        "9": 0.9603960396039604, 
        "mean": 0.9455445544554454, 
        "std": 0.020411413988206218
    }, 
    "timestamp": "2020_01_06=20_16_09", 
    "tn": {
        "0": 94.0, 
        "1": 99.0, 
        "2": 95.0, 
        "3": 92.0, 
        "4": 94.0, 
        "5": 95.0, 
        "6": 97.0, 
        "7": 94.0, 
        "8": 98.0, 
        "9": 97.0, 
        "mean": 95.5, 
        "std": 2.0615528128088303
    }, 
    "tp": {
        "0": 35.0, 
        "1": 33.0, 
        "2": 32.0, 
        "3": 31.0, 
        "4": 33.0, 
        "5": 35.0, 
        "6": 33.0, 
        "7": 33.0, 
        "8": 32.0, 
        "9": 33.0, 
        "mean": 33.0, 
        "std": 1.1832159566199232
    }
}