{
    "MODEL_TYPE": "EMB_ECODER_BACILLUS_01",
    "acc": {
        "0": 0.9492753623188406,
        "1": 0.9420289855072463,
        "2": 0.9347826086956522,
        "3": 0.9492753623188406,
        "4": 0.9202898550724637,
        "mean": 0.9391304347826088,
        "std": 0.01084538372977954
    },
    "cv": 5,
    "f1": {
        "0": 0.9090909090909091,
        "1": 0.8787878787878788,
        "2": 0.8695652173913043,
        "3": 0.9041095890410958,
        "4": 0.8493150684931507,
        "mean": 0.8821737325608678,
        "std": 0.022162340385161593
    },
    "fn": {
        "0": 2.0,
        "1": 8.0,
        "2": 7.0,
        "3": 4.0,
        "4": 6.0,
        "mean": 5.4,
        "std": 2.1540659228538015
    },
    "fp": {
        "0": 5.0,
        "1": 0.0,
        "2": 2.0,
        "3": 3.0,
        "4": 5.0,
        "mean": 3.0,
        "std": 1.8973665961010275
    },
    "mcc": {
        "0": 0.8752663347956775,
        "1": 0.8522079373370113,
        "2": 0.8302616132817493,
        "3": 0.8697864764047947,
        "4": 0.7952796274017768,
        "mean": 0.8445603978442019,
        "std": 0.02922582433146994
    },
    "prec": {
        "0": 0.875,
        "1": 1.0,
        "2": 0.9375,
        "3": 0.9166666666666666,
        "4": 0.8611111111111112,
        "mean": 0.9180555555555555,
        "std": 0.04937885787397548
    },
    "sn": {
        "0": 0.9459459459459459,
        "1": 0.7837837837837838,
        "2": 0.8108108108108109,
        "3": 0.8918918918918919,
        "4": 0.8378378378378378,
        "mean": 0.854054054054054,
        "std": 0.058217997914967595
    },
    "sp": {
        "0": 0.9504950495049505,
        "1": 1.0,
        "2": 0.9801980198019802,
        "3": 0.9702970297029703,
        "4": 0.9504950495049505,
        "mean": 0.9702970297029703,
        "std": 0.018785807882188407
    },
    "timestamp": "2020_01_10=19_17_59",
    "tn": {
        "0": 96.0,
        "1": 101.0,
        "2": 99.0,
        "3": 98.0,
        "4": 96.0,
        "mean": 98.0,
        "std": 1.8973665961010275
    },
    "tp": {
        "0": 35.0,
        "1": 29.0,
        "2": 30.0,
        "3": 33.0,
        "4": 31.0,
        "mean": 31.6,
        "std": 2.154065922853802
    }
}