{
    "MODEL_TYPE": "HOT_CNN_BACILLUS_01",
    "acc": {
        "0": 0.8405797101449275,
        "1": 0.8115942028985508,
        "mean": 0.8260869565217391,
        "std": 0.01449275362318836
    },
    "cv": 2,
    "f1": {
        "0": 0.7659574468085106,
        "1": 0.7111111111111112,
        "mean": 0.7385342789598109,
        "std": 0.027423167848699692
    },
    "fn": {
        "0": 1.0,
        "1": 5.0,
        "mean": 3.0,
        "std": 2.0
    },
    "fp": {
        "0": 21.0,
        "1": 21.0,
        "mean": 21.0,
        "std": 0.0
    },
    "mcc": {
        "0": 0.6882919165861164,
        "1": 0.598332440137529,
        "mean": 0.6433121783618228,
        "std": 0.044979738224293735
    },
    "prec": {
        "0": 0.631578947368421,
        "1": 0.6037735849056604,
        "mean": 0.6176762661370407,
        "std": 0.013902681231380332
    },
    "sn": {
        "0": 0.972972972972973,
        "1": 0.8648648648648649,
        "mean": 0.918918918918919,
        "std": 0.05405405405405406
    },
    "sp": {
        "0": 0.7920792079207921,
        "1": 0.7920792079207921,
        "mean": 0.7920792079207921,
        "std": 0.0
    },
    "timestamp": "2019_12_16=12_40_43",
    "tn": {
        "0": 80.0,
        "1": 80.0,
        "mean": 80.0,
        "std": 0.0
    },
    "tp": {
        "0": 36.0,
        "1": 32.0,
        "mean": 34.0,
        "std": 2.0
    }
}