{
    "MODEL_TYPE": "HOT_RES_RNN_BACILLUS_01",
    "acc": {
        "0": 0.9637681159420289,
        "1": 0.9565217391304348,
        "2": 0.9347826086956522,
        "3": 0.9347826086956522,
        "4": 0.9420289855072463,
        "mean": 0.946376811594203,
        "std": 0.011773968702370933
    },
    "cv": 5,
    "f1": {
        "0": 0.927536231884058,
        "1": 0.923076923076923,
        "2": 0.8767123287671232,
        "3": 0.8732394366197184,
        "4": 0.8947368421052632,
        "mean": 0.8990603524906172,
        "std": 0.02268267168023619
    },
    "fn": {
        "0": 5.0,
        "1": 1.0,
        "2": 5.0,
        "3": 6.0,
        "4": 3.0,
        "mean": 4.0,
        "std": 1.7888543819998317
    },
    "fp": {
        "0": 0.0,
        "1": 5.0,
        "2": 4.0,
        "3": 3.0,
        "4": 5.0,
        "mean": 3.4,
        "std": 1.8547236990991407
    },
    "mcc": {
        "0": 0.9077826570117096,
        "1": 0.895170197261225,
        "2": 0.8325330519032857,
        "3": 0.8307861845153497,
        "4": 0.8553389745052727,
        "mean": 0.8643222130393685,
        "std": 0.031800386382196705
    },
    "prec": {
        "0": 1.0,
        "1": 0.8780487804878049,
        "2": 0.8888888888888888,
        "3": 0.9117647058823529,
        "4": 0.8717948717948718,
        "mean": 0.9100994494107837,
        "std": 0.046966490177055224
    },
    "sn": {
        "0": 0.8648648648648649,
        "1": 0.972972972972973,
        "2": 0.8648648648648649,
        "3": 0.8378378378378378,
        "4": 0.918918918918919,
        "mean": 0.8918918918918919,
        "std": 0.0483474157297252
    },
    "sp": {
        "0": 1.0,
        "1": 0.9504950495049505,
        "2": 0.9603960396039604,
        "3": 0.9702970297029703,
        "4": 0.9504950495049505,
        "mean": 0.9663366336633663,
        "std": 0.018363600981179624
    },
    "timestamp": "2019-12-02-16-06-57",
    "tn": {
        "0": 101.0,
        "1": 96.0,
        "2": 97.0,
        "3": 98.0,
        "4": 96.0,
        "mean": 97.6,
        "std": 1.8547236990991405
    },
    "tp": {
        "0": 32.0,
        "1": 36.0,
        "2": 32.0,
        "3": 31.0,
        "4": 34.0,
        "mean": 33.0,
        "std": 1.7888543819998317
    }
}